query_id,predicted_pd_cf,pd_cf_lower_90,pd_cf_upper_90
q00000,0.26229508196721313,0.18995290423861852,0.4152542372881356
q00001,0.18995290423861852,0.036108108108108106,0.2619529042386185
q00002,0.26229508196721313,0.18995290423861852,0.4152542372881356
q00003,0.6851851851851852,0.6,0.8571428571428571
q00004,0.8571428571428571,0.6851851851851852,1.0
q00005,0.8571428571428571,0.6851851851851852,1.0
q00006,0.18995290423861852,0.11795290423861851,0.33429508196721314
q00007,0.26229508196721313,0.18995290423861852,0.38028169014084506
q00008,0.22727272727272727,0.11795290423861851,0.3577142857142857
q00009,0.12169312169312169,0.062108108108108115,0.23595290423861853
q00010,0.1419753086419753,0.07569312169312169,0.23595290423861853
q00011,0.1419753086419753,0.07569312169312169,0.23595290423861853
q00012,0.18995290423861852,0.11795290423861851,0.33429508196721314
q00013,0.22727272727272727,0.11795290423861851,0.3577142857142857
q00014,0.26229508196721313,0.18995290423861852,0.38028169014084506
q00015,0.10810810810810811,0.020307692307692304,0.2139753086419753
q00016,0.12169312169312169,0.001923322683706069,0.1879753086419753
q00017,0.10810810810810811,0.020307692307692304,0.1936931216931217
q00018,0.3,0.18995290423861852,0.4152542372881356
q00019,0.2857142857142857,0.18995290423861852,0.4152542372881356
q00020,0.26229508196721313,0.18995290423861852,0.39192072400869227
q00021,0.12169312169312169,0.05501010101010101,0.23595290423861853
q00022,0.12169312169312169,0.062108108108108115,0.23595290423861853
q00023,0.09230769230769231,0.04792332268370607,0.10810810810810811
q00024,0.18995290423861852,0.036108108108108106,0.33429508196721314
q00025,0.18995290423861852,0.036108108108108106,0.2619529042386185
q00026,0.18995290423861852,0.036108108108108106,0.2619529042386185
q00027,0.10810810810810811,0.0,0.2619529042386185
q00028,0.09230769230769231,0.04792332268370607,0.10810810810810811
q00029,0.09230769230769231,0.04792332268370607,0.1419753086419753
q00030,0.8571428571428571,0.6851851851851852,1.0
q00031,0.8571428571428571,0.6851851851851852,0.9786296253387363
q00032,0.6851851851851852,0.6,0.8571428571428571
q00033,0.18995290423861852,0.11795290423861851,0.33429508196721314
q00034,0.18995290423861852,0.06997530864197529,0.29927272727272725
q00035,0.18995290423861852,0.04969312169312168,0.2619529042386185
q00036,0.18995290423861852,0.11795290423861851,0.33429508196721314
q00037,0.18995290423861852,0.06997530864197529,0.2619529042386185
q00038,0.18995290423861852,0.11795290423861851,0.45228169014084507
q00039,0.10810810810810811,0.0,0.2139753086419753
q00040,0.10810810810810811,0.0,0.1936931216931217
q00041,0.10810810810810811,0.0,0.2139753086419753
q00042,0.04792332268370607,0.0,0.09230769230769231
q00043,0.04792332268370607,0.0,0.10101010101010101
q00044,0.04792332268370607,0.037923322683706066,0.05792332268370607
q00045,0.09230769230769231,0.0,0.18995290423861852
q00046,0.09230769230769231,0.0,0.12169312169312169
q00047,0.04792332268370607,0.0,0.12169312169312169
q00048,0.6307692307692307,0.4152542372881356,0.6307692307692307
q00049,0.4152542372881356,0.4152542372881356,0.6307692307692307
q00050,0.6307692307692307,0.4152542372881356,0.6851851851851852
q00051,0.6851851851851852,0.4152542372881356,1.0
q00052,0.6851851851851852,0.6307692307692307,1.0
q00053,0.6851851851851852,0.4152542372881356,0.8922572117329386
q00054,0.18995290423861852,0.04969312169312168,0.2619529042386185
q00055,0.18995290423861852,0.04969312169312168,0.2619529042386185
q00056,0.1419753086419753,0.062108108108108115,0.23595290423861853
q00057,0.18995290423861852,0.06997530864197529,0.33429508196721314
q00058,0.18995290423861852,0.04969312169312168,0.3577142857142857
q00059,0.18995290423861852,0.04969312169312168,0.33429508196721314
q00060,0.2857142857142857,0.18995290423861852,0.4152542372881356
q00061,0.4152542372881356,0.38028169014084506,0.6307692307692307
q00062,0.6307692307692307,0.6307692307692307,0.6851851851851852
q00063,0.10101010101010101,0.0,0.2036931216931217
q00064,0.09230769230769231,0.04792332268370607,0.10810810810810811
q00065,0.10810810810810811,0.0,0.2619529042386185
q00066,0.18995290423861852,0.036108108108108106,0.2619529042386185
q00067,0.18995290423861852,0.036108108108108106,0.2619529042386185
q00068,0.18995290423861852,0.036108108108108106,0.2619529042386185
q00069,0.26229508196721313,0.18995290423861852,0.38028169014084506
q00070,0.4152542372881356,0.2857142857142857,0.6307692307692307
q00071,0.26229508196721313,0.18995290423861852,0.38028169014084506
q00072,0.10810810810810811,0.0,0.2139753086419753
q00073,0.10810810810810811,0.0,0.2619529042386185
q00074,0.12169312169312169,0.046307692307692314,0.23595290423861853
q00075,0.6851851851851852,0.4152542372881356,0.8571428571428571
q00076,0.6851851851851852,0.6,0.8571428571428571
q00077,0.4152542372881356,0.26229508196721313,0.6307692307692307
q00078,0.4152542372881356,0.18995290423861852,0.6851851851851852
q00079,0.4152542372881356,0.26229508196721313,0.6851851851851852
q00080,0.4152542372881356,0.26229508196721313,0.6851851851851852
q00081,0.26229508196721313,0.18995290423861852,0.38028169014084506
q00082,0.18995290423861852,0.06997530864197529,0.45228169014084507
q00083,0.18995290423861852,0.11795290423861851,0.372
q00084,0.09230769230769231,0.04792332268370607,0.10810810810810811
q00085,0.04792332268370607,0.0,0.10810810810810811
q00086,0.04792332268370607,0.02857142857142857,0.10810810810810811
q00087,0.18995290423861852,0.036108108108108106,0.2619529042386185
q00088,0.12169312169312169,0.062108108108108115,0.23595290423861853
q00089,0.18995290423861852,0.04969312169312168,0.2619529042386185
q00090,0.10810810810810811,0.020307692307692304,0.1936931216931217
q00091,0.1419753086419753,0.062108108108108115,0.23595290423861853
q00092,0.10101010101010101,0.01030769230769231,0.19010810810810813
q00093,0.6307692307692307,0.4152542372881356,0.6851851851851852
q00094,0.6,0.4152542372881356,0.6851851851851852
q00095,0.6307692307692307,0.4152542372881356,0.6851851851851852
q00096,0.1419753086419753,0.062108108108108115,0.23595290423861853
q00097,0.09230769230769231,0.04792332268370607,0.10810810810810811
q00098,0.1419753086419753,0.062108108108108115,0.23595290423861853
q00099,0.18995290423861852,0.11795290423861851,0.2619529042386185
q00100,0.18995290423861852,0.06997530864197529,0.2619529042386185
q00101,0.18995290423861852,0.04969312169312168,0.2619529042386185
q00102,0.04792332268370607,0.0,0.10810810810810811
q00103,0.04792332268370607,0.02857142857142857,0.10810810810810811
q00104,0.04792332268370607,0.04792332268370607,0.10810810810810811
q00105,0.10810810810810811,0.0,0.2139753086419753
q00106,0.12169312169312169,0.046307692307692314,0.23595290423861853
q00107,0.16666666666666666,0.046307692307692314,0.23595290423861853
q00108,0.4152542372881356,0.4152542372881356,0.6851851851851852
q00109,0.4152542372881356,0.38028169014084506,0.6307692307692307
q00110,0.4152542372881356,0.3333333333333333,0.6307692307692307
q00111,0.10810810810810811,0.0,0.1936931216931217
q00112,0.1419753086419753,0.062108108108108115,0.23595290423861853
q00113,0.12169312169312169,0.05501010101010101,0.21266666666666667
q00114,0.1419753086419753,0.046307692307692314,0.23595290423861853
q00115,0.10810810810810811,0.0,0.2619529042386185
q00116,0.1419753086419753,0.062108108108108115,0.23595290423861853
q00117,0.6851851851851852,0.6307692307692307,0.6851851851851852
q00118,0.6,0.4152542372881356,0.6307692307692307
q00119,0.6851851851851852,0.6307692307692307,0.6851851851851852
q00120,0.18995290423861852,0.036108108108108106,0.3577142857142857
q00121,0.18995290423861852,0.036108108108108106,0.33429508196721314
q00122,0.16666666666666666,0.062108108108108115,0.23595290423861853
q00123,0.6851851851851852,0.6307692307692307,1.0
q00124,1.0,0.6851851851851852,1.0
q00125,0.6851851851851852,0.6,0.8571428571428571
q00126,0.6307692307692307,0.38028169014084506,0.6851851851851852
q00127,0.4152542372881356,0.2857142857142857,0.6851851851851852
q00128,0.6851851851851852,0.5037942913877286,0.6851851851851852
q00129,0.6307692307692307,0.4152542372881356,0.6851851851851852
q00130,0.6307692307692307,0.4152542372881356,0.6307692307692307
q00131,0.6307692307692307,0.5,0.6851851851851852
q00132,0.32373583749821905,0.18995290423861852,0.4152542372881356
q00133,0.3,0.18995290423861852,0.4152542372881356
q00134,0.2857142857142857,0.18995290423861852,0.4152542372881356
q00135,0.18995290423861852,0.04969312169312168,0.2619529042386185
q00136,0.18995290423861852,0.11795290423861851,0.29927272727272725
q00137,0.18995290423861852,0.04969312169312168,0.2619529042386185
q00138,0.18995290423861852,0.11795290423861851,0.33429508196721314
q00139,0.18995290423861852,0.11795290423861851,0.3577142857142857
q00140,0.18995290423861852,0.11795290423861851,0.3577142857142857
q00141,0.1419753086419753,0.062108108108108115,0.23595290423861853
q00142,0.18995290423861852,0.06997530864197529,0.33429508196721314
q00143,0.2857142857142857,0.18995290423861852,0.4152542372881356
q00144,0.18995290423861852,0.04969312169312168,0.45228169014084507
q00145,0.18995290423861852,0.036108108108108106,0.45228169014084507
q00146,0.18995290423861852,0.04969312169312168,0.4872542372881356
q00147,0.10101010101010101,0.0,0.2036931216931217
q00148,0.10810810810810811,0.0,0.1936931216931217
q00149,0.10810810810810811,0.020307692307692304,0.2139753086419753
q00150,1.0,0.99,1.0
q00151,1.0,0.8571428571428571,1.0
q00152,0.6851851851851852,0.6307692307692307,1.0
q00153,0.18995290423861852,0.11795290423861851,0.3577142857142857
q00154,0.18995290423861852,0.11795290423861851,0.3577142857142857
q00155,0.26229508196721313,0.18995290423861852,0.38028169014084506
q00156,1.0,0.6851851851851852,1.0
q00157,0.8571428571428571,0.6851851851851852,1.0
q00158,1.0,0.6851851851851852,1.0
q00159,0.18995290423861852,0.06997530864197529,0.2619529042386185
q00160,0.10810810810810811,0.020307692307692304,0.2139753086419753
q00161,0.18995290423861852,0.04969312169312168,0.2619529042386185
q00162,0.10101010101010101,0.0,0.19311111111111112
q00163,0.04792332268370607,0.04792332268370607,0.10101010101010101
q00164,0.09230769230769231,0.04792332268370607,0.10810810810810811
q00165,0.5463332119397277,0.4152542372881356,0.6851851851851852
q00166,0.6,0.4152542372881356,0.6307692307692307
q00167,0.4152542372881356,0.3,0.6307692307692307
q00168,0.10810810810810811,0.0,0.1936931216931217
q00169,0.10810810810810811,0.0,0.1936931216931217
q00170,0.10101010101010101,0.0,0.2036931216931217
q00171,0.09230769230769231,0.04792332268370607,0.10810810810810811
q00172,0.18995290423861852,0.09466666666666665,0.33429508196721314
q00173,0.1419753086419753,0.062108108108108115,0.23595290423861853
q00174,0.26229508196721313,0.18995290423861852,0.3
q00175,0.18995290423861852,0.06997530864197529,0.33429508196721314
q00176,0.18995290423861852,0.11795290423861851,0.33429508196721314
q00177,0.38028169014084506,0.26229508196721313,0.4152542372881356
q00178,0.5,0.38461538461538464,0.6851851851851852
q00179,0.4152542372881356,0.3,0.6
q00180,0.3,0.18995290423861852,0.6
q00181,0.3,0.18995290423861852,0.4152542372881356
q00182,0.18995290423861852,0.04969312169312168,0.33429508196721314
q00183,0.4152542372881356,0.38028169014084506,0.6307692307692307
q00184,0.4152542372881356,0.3,0.6307692307692307
q00185,0.38028169014084506,0.26229508196721313,0.4152542372881356
q00186,0.6851851851851852,0.6851851851851852,0.8571428571428571
q00187,0.6851851851851852,0.4152542372881356,0.6851851851851852
q00188,0.6851851851851852,0.4152542372881356,0.6851851851851852
q00189,0.18995290423861852,0.04969312169312168,0.2619529042386185
q00190,0.18995290423861852,0.036108108108108106,0.2619529042386185
q00191,0.18995290423861852,0.039111111111111097,0.2619529042386185
q00192,0.4152542372881356,0.26229508196721313,0.6307692307692307
q00193,0.18995290423861852,0.11795290423861851,0.33429508196721314
q00194,0.38461538461538464,0.2857142857142857,0.4152542372881356
q00195,0.18995290423861852,0.11795290423861851,0.3577142857142857
q00196,0.6307692307692307,0.4152542372881356,0.6851851851851852
q00197,0.18995290423861852,0.039111111111111097,0.3577142857142857
q00198,0.12169312169312169,0.001923322683706069,0.23595290423861853
q00199,0.10810810810810811,0.0,0.2619529042386185
q00200,0.12169312169312169,0.001923322683706069,0.23595290423861853
q00201,0.12169312169312169,0.046307692307692314,0.23595290423861853
q00202,0.1419753086419753,0.05501010101010101,0.23595290423861853
q00203,0.1111111111111111,0.020307692307692304,0.23866666666666667
q00204,0.18995290423861852,0.04969312169312168,0.33429508196721314
q00205,0.18995290423861852,0.04969312169312168,0.3577142857142857
q00206,0.18995290423861852,0.11070835442677834,0.45228169014084507
q00207,0.18995290423861852,0.029010101010101,0.3577142857142857
q00208,0.22727272727272727,0.11795290423861851,0.45228169014084507
q00209,0.26229508196721313,0.12169312169312169,0.4152542372881356
q00210,0.4152542372881356,0.38028169014084506,0.6307692307692307
q00211,0.4152542372881356,0.26229508196721313,0.6307692307692307
q00212,0.6307692307692307,0.4152542372881356,0.6851851851851852
q00213,0.12169312169312169,0.05501010101010101,0.23595290423861853
q00214,0.16666666666666666,0.062108108108108115,0.23595290423861853
q00215,0.12169312169312169,0.046307692307692314,0.23595290423861853
q00216,0.18995290423861852,0.04969312169312168,0.29927272727272725
q00217,0.18995290423861852,0.11795290423861851,0.372
q00218,0.18995290423861852,0.036108108108108106,0.2619529042386185
q00219,0.6307692307692307,0.4152542372881356,0.6851851851851852
q00220,0.6,0.38461538461538464,0.6851851851851852
q00221,0.18995290423861852,0.04969312169312168,0.2619529042386185
q00222,0.2857142857142857,0.18995290423861852,0.38461538461538464
q00223,0.2857142857142857,0.18995290423861852,0.38461538461538464
q00224,0.26229508196721313,0.18995290423861852,0.38028169014084506
q00225,0.04792332268370607,0.02857142857142857,0.09230769230769231
q00226,0.10810810810810811,0.0,0.1936931216931217
q00227,0.04792332268370607,0.0,0.09230769230769231
q00228,0.02857142857142857,0.0,0.09230769230769231
q00229,0.04792332268370607,0.0,0.09230769230769231
q00230,0.04792332268370607,0.0,0.04792332268370607
q00231,0.12169312169312169,0.001923322683706069,0.23595290423861853
q00232,0.1419753086419753,0.046307692307692314,0.23595290423861853
q00233,0.12169312169312169,0.046307692307692314,0.23595290423861853
q00234,0.18995290423861852,0.11795290423861851,0.2619529042386185
q00235,0.18995290423861852,0.11795290423861851,0.33429508196721314
q00236,0.18995290423861852,0.11795290423861851,0.33429508196721314
q00237,0.18995290423861852,0.04969312169312168,0.45228169014084507
q00238,0.2857142857142857,0.18995290423861852,0.4152542372881356
q00239,0.26229508196721313,0.18995290423861852,0.38461538461538464
q00240,0.1419753086419753,0.062108108108108115,0.23595290423861853
q00241,0.1419753086419753,0.07569312169312169,0.23595290423861853
q00242,0.18995290423861852,0.06997530864197529,0.2619529042386185
q00243,0.38028169014084506,0.2857142857142857,0.4152542372881356
q00244,0.2857142857142857,0.22727272727272727,0.38028169014084506
q00245,0.38028169014084506,0.2857142857142857,0.4152542372881356
q00246,0.10810810810810811,0.0,0.2139753086419753
q00247,0.10810810810810811,0.0,0.1936931216931217
q00248,0.18995290423861852,0.036108108108108106,0.2619529042386185
q00249,0.10101010101010101,0.0,0.2239753086419753
q00250,0.04792332268370607,0.0,0.10101010101010101
q00251,0.04792332268370607,0.0,0.10810810810810811
q00252,0.38028169014084506,0.26229508196721313,0.4152542372881356
q00253,0.26229508196721313,0.18995290423861852,0.38028169014084506
q00254,0.4152542372881356,0.38028169014084506,0.4152542372881356
q00255,0.1419753086419753,0.062108108108108115,0.23595290423861853
q00256,0.1419753086419753,0.062108108108108115,0.23595290423861853
q00257,0.16666666666666666,0.07569312169312169,0.23595290423861853
q00258,0.26229508196721313,0.18995290423861852,0.4152542372881356
q00259,0.18995290423861852,0.11795290423861851,0.33429508196721314
q00260,0.18995290423861852,0.11795290423861851,0.3577142857142857
q00261,1.0,0.8838749444191007,1.0
q00262,1.0,0.8571428571428571,1.0
q00263,1.0,0.99,1.0
q00264,0.18995290423861852,0.029010101010101,0.2619529042386185
q00265,0.3,0.18995290423861852,0.4152542372881356
q00266,0.12169312169312169,0.046307692307692314,0.23595290423861853
q00267,0.10810810810810811,0.0,0.2139753086419753
q00268,0.18995290423861852,0.06997530864197529,0.2619529042386185
q00269,0.10810810810810811,0.020307692307692304,0.18010810810810812
q00270,0.18995290423861852,0.036108108108108106,0.2619529042386185
q00271,0.1419753086419753,0.062108108108108115,0.23595290423861853
q00272,0.18995290423861852,0.04969312169312168,0.2619529042386185
q00273,0.10810810810810811,0.0,0.2139753086419753
q00274,0.10810810810810811,0.020307692307692304,0.2139753086419753
q00275,0.10810810810810811,0.020307692307692304,0.2139753086419753
q00276,0.18995290423861852,0.036108108108108106,0.33429508196721314
q00277,0.18995290423861852,0.04969312169312168,0.33429508196721314
q00278,0.18995290423861852,0.04969312169312168,0.29927272727272725
q00279,0.1419753086419753,0.05501010101010101,0.23595290423861853
q00280,0.12169312169312169,0.062108108108108115,0.23595290423861853
q00281,0.1419753086419753,0.05501010101010101,0.23595290423861853
q00282,0.38028169014084506,0.22727272727272727,0.4152542372881356
q00283,0.18995290423861852,0.09466666666666665,0.45228169014084507
q00284,0.18995290423861852,0.04969312169312168,0.2619529042386185
q00285,0.09230769230769231,0.04792332268370607,0.10810810810810811
q00286,0.09230769230769231,0.04792332268370607,0.10810810810810811
q00287,0.04792332268370607,0.04792332268370607,0.10101010101010101
q00288,0.12169312169312169,0.046307692307692314,0.23595290423861853
q00289,0.18995290423861852,0.04969312169312168,0.2619529042386185
q00290,0.12169312169312169,0.05501010101010101,0.1879753086419753
q00291,0.26229508196721313,0.18995290423861852,0.38461538461538464
q00292,0.26229508196721313,0.18995290423861852,0.38461538461538464
q00293,0.18995290423861852,0.09466666666666665,0.33429508196721314
q00294,0.6307692307692307,0.4152542372881356,0.6851851851851852
q00295,0.6307692307692307,0.4152542372881356,0.6851851851851852
q00296,0.40240017610498613,0.18995290423861852,0.6
q00297,1.0,0.8571428571428571,1.0
q00298,0.8571428571428571,0.6851851851851852,1.0
q00299,0.6851851851851852,0.6307692307692307,0.8571428571428571
q00300,0.12169312169312169,0.001923322683706069,0.23595290423861853
q00301,0.10810810810810811,0.0,0.23866666666666667
q00302,0.10810810810810811,0.0,0.2619529042386185
q00303,0.12169312169312169,0.046307692307692314,0.23595290423861853
q00304,0.1111111111111111,0.020307692307692304,0.2619529042386185
q00305,0.18995290423861852,0.029010101010101,0.2619529042386185
q00306,0.6851851851851852,0.6307692307692307,0.7199406117666551
q00307,0.6851851851851852,0.6307692307692307,0.8571428571428571
q00308,0.6851851851851852,0.6307692307692307,0.6851851851851852
q00309,0.6307692307692307,0.4152542372881356,0.6851851851851852
q00310,0.6851851851851852,0.6,0.6851851851851852
q00311,0.6307692307692307,0.4152542372881356,0.6307692307692307
q00312,0.10810810810810811,0.020307692307692304,0.2139753086419753
q00313,0.10810810810810811,0.0,0.2619529042386185
q00314,0.10810810810810811,0.0,0.2139753086419753
q00315,0.6673388824409099,0.4152542372881356,0.6851851851851852
q00316,0.6307692307692307,0.4152542372881356,0.6851851851851852
q00317,0.6307692307692307,0.4152542372881356,0.6851851851851852
q00318,0.4152542372881356,0.38028169014084506,0.6307692307692307
q00319,0.4152542372881356,0.38461538461538464,0.6851851851851852
q00320,0.6851851851851852,0.6,0.8571428571428571
q00321,0.18995290423861852,0.036108108108108106,0.2619529042386185
q00322,0.1419753086419753,0.062108108108108115,0.23595290423861853
q00323,0.18995290423861852,0.036108108108108106,0.2619529042386185
q00324,0.04792332268370607,0.02857142857142857,0.10810810810810811
q00325,0.04792332268370607,0.04792332268370607,0.10101010101010101
q00326,0.04792332268370607,0.02857142857142857,0.10101010101010101
q00327,0.1419753086419753,0.05501010101010101,0.23595290423861853
q00328,0.04792332268370607,0.0,0.09230769230769231
q00329,0.1419753086419753,0.046307692307692314,0.23595290423861853
q00330,0.6851851851851852,0.4152542372881356,1.0
q00331,0.6851851851851852,0.4152542372881356,1.0
q00332,0.6307692307692307,0.38028169014084506,0.8571428571428571
q00333,0.22727272727272727,0.11795290423861851,0.4872542372881356
q00334,0.1419753086419753,0.062108108108108115,0.23595290423861853
q00335,0.18995290423861852,0.04969312169312168,0.33429508196721314
q00336,0.4152542372881356,0.26229508196721313,0.6851851851851852
q00337,0.4152542372881356,0.38028169014084506,0.6307692307692307
q00338,0.4152542372881356,0.22727272727272727,0.6307692307692307
q00339,0.2857142857142857,0.18995290423861852,0.38461538461538464
q00340,0.3843595187147761,0.26229508196721313,0.6307692307692307
q00341,0.38028169014084506,0.26229508196721313,0.4152542372881356
q00342,0.2857142857142857,0.18995290423861852,0.38028169014084506
q00343,0.26229508196721313,0.18995290423861852,0.2857142857142857
q00344,0.2857142857142857,0.22727272727272727,0.38461538461538464
q00345,0.6851851851851852,0.5,0.7098887202673199
q00346,0.6851851851851852,0.6307692307692307,0.8571428571428571
q00347,0.6851851851851852,0.6307692307692307,0.8571428571428571
q00348,0.18995290423861852,0.11795290423861851,0.2619529042386185
q00349,0.18995290423861852,0.11795290423861851,0.2619529042386185
q00350,0.18995290423861852,0.11795290423861851,0.2619529042386185
q00351,0.04792332268370607,0.0,0.10810810810810811
q00352,0.04792332268370607,0.0,0.10810810810810811
q00353,0.04792332268370607,0.0,0.10810810810810811
q00354,0.10810810810810811,0.0,0.1936931216931217
q00355,0.09230769230769231,0.04792332268370607,0.10810810810810811
q00356,0.10101010101010101,0.0,0.2036931216931217
q00357,0.10810810810810811,0.0,0.2619529042386185
q00358,0.1111111111111111,0.0,0.2619529042386185
q00359,0.09230769230769231,0.04792332268370607,0.12169312169312169
q00360,0.18995290423861852,0.11795290423861851,0.2619529042386185
q00361,0.18995290423861852,0.06997530864197529,0.2619529042386185
q00362,0.18995290423861852,0.11795290423861851,0.2619529042386185
q00363,0.18995290423861852,0.036108108108108106,0.2619529042386185
q00364,0.18995290423861852,0.036108108108108106,0.2619529042386185
q00365,0.18995290423861852,0.036108108108108106,0.2619529042386185
q00366,0.3,0.18995290423861852,0.38461538461538464
q00367,0.6851851851851852,0.6307692307692307,0.6851851851851852
q00368,0.6851851851851852,0.6307692307692307,0.6851851851851852
q00369,0.10810810810810811,0.0,0.2139753086419753
q00370,0.04792332268370607,0.04792332268370607,0.10101010101010101
q00371,0.04792332268370607,0.02857142857142857,0.10810810810810811
q00372,0.02857142857142857,0.0,0.04792332268370607
q00373,0.02857142857142857,0.0,0.04792332268370607
q00374,0.02857142857142857,0.0,0.04792332268370607
q00375,0.4152542372881356,0.22727272727272727,0.6851851851851852
q00376,0.6307692307692307,0.4152542372881356,0.6851851851851852
q00377,0.6307692307692307,0.26229508196721313,0.8571428571428571
q00378,0.18995290423861852,0.11795290423861851,0.33429508196721314
q00379,0.26229508196721313,0.18995290423861852,0.38028169014084506
q00380,0.2857142857142857,0.26229508196721313,0.38028169014084506
q00381,0.6,0.38028169014084506,0.6851851851851852
q00382,0.8571428571428571,0.6851851851851852,1.0
q00383,0.26229508196721313,0.18995290423861852,0.3806350437246914
q00384,0.10810810810810811,0.0,0.2619529042386185
q00385,0.10101010101010101,0.0,0.2239753086419753
q00386,0.10101010101010101,0.0,0.2719529042386185
q00387,0.26229508196721313,0.18995290423861852,0.3
q00388,0.22727272727272727,0.11795290423861851,0.45228169014084507
q00389,0.26229508196721313,0.18995290423861852,0.3
q00390,0.04792332268370607,0.0,0.10810810810810811
q00391,0.10810810810810811,0.020307692307692304,0.1936931216931217
q00392,0.04792332268370607,0.02857142857142857,0.10810810810810811
q00393,0.10101010101010101,0.0,0.2036931216931217
q00394,0.09230769230769231,0.04792332268370607,0.10810810810810811
q00395,0.09230769230769231,0.02857142857142857,0.10810810810810811
q00396,0.18995290423861852,0.11795290423861851,0.2619529042386185
q00397,0.1419753086419753,0.062108108108108115,0.23595290423861853
q00398,0.18995290423861852,0.11795290423861851,0.33429508196721314
q00399,0.38028169014084506,0.18995290423861852,0.4152542372881356
q00400,0.26229508196721313,0.18995290423861852,0.4152542372881356
q00401,0.3,0.18995290423861852,0.38461538461538464
q00402,0.38461538461538464,0.26229508196721313,0.4152542372881356
q00403,0.2857142857142857,0.26229508196721313,0.38461538461538464
q00404,0.38461538461538464,0.26229508196721313,0.4152542372881356
q00405,0.1419753086419753,0.046307692307692314,0.23595290423861853
q00406,0.10810810810810811,0.0,0.2139753086419753
q00407,0.1419753086419753,0.05501010101010101,0.23595290423861853
q00408,0.18995290423861852,0.11795290423861851,0.3577142857142857
q00409,0.18995290423861852,0.11795290423861851,0.3577142857142857
q00410,0.18995290423861852,0.11795290423861851,0.33429508196721314
q00411,0.1419753086419753,0.05501010101010101,0.23595290423861853
q00412,0.18995290423861852,0.036108108108108106,0.2619529042386185
q00413,0.1419753086419753,0.062108108108108115,0.23595290423861853
q00414,0.04792332268370607,0.0,0.09230769230769231
q00415,0.04792332268370607,0.0,0.10101010101010101
q00416,0.10101010101010101,0.0,0.2036931216931217
q00417,0.22727272727272727,0.11795290423861851,0.45228169014084507
q00418,0.18995290423861852,0.11795290423861851,0.45228169014084507
q00419,0.18995290423861852,0.11795290423861851,0.3577142857142857
q00420,0.38028169014084506,0.2857142857142857,0.4152542372881356
q00421,0.4152542372881356,0.3,0.6307692307692307
q00422,0.4152542372881356,0.2857142857142857,0.6307692307692307
q00423,1.0,0.99,1.0
q00424,1.0,0.99,1.0
q00425,1.0,0.99,1.0
q00426,0.4152542372881356,0.38461538461538464,0.6307692307692307
q00427,0.38028169014084506,0.18995290423861852,0.6307692307692307
q00428,0.38028169014084506,0.26229508196721313,0.4152542372881356
q00429,0.10810810810810811,0.0,0.2619529042386185
q00430,0.10101010101010101,0.0,0.2036931216931217
q00431,0.04792332268370607,0.0,0.10810810810810811
q00432,0.6,0.4152542372881356,0.6851851851851852
q00433,0.4152542372881356,0.18995290423861852,0.6307692307692307
q00434,0.6,0.38461538461538464,0.6851851851851852
q00435,0.10810810810810811,0.0,0.2619529042386185
q00436,0.18995290423861852,0.06997530864197529,0.2619529042386185
q00437,0.04792332268370607,0.024731938756661753,0.10101010101010101
q00438,0.18995290423861852,0.06997530864197529,0.33429508196721314
q00439,0.1419753086419753,0.062108108108108115,0.23595290423861853
q00440,0.12169312169312169,0.05501010101010101,0.23595290423861853
q00441,0.4152542372881356,0.31525050786897896,0.6307692307692307
q00442,0.4152542372881356,0.3,0.6307692307692307
q00443,0.4152542372881356,0.3333333333333333,0.6307692307692307
q00444,0.6,0.38461538461538464,0.6851851851851852
q00445,0.6,0.4152542372881356,0.6322080010194547
q00446,0.6307692307692307,0.4152542372881356,0.6851851851851852
q00447,0.18995290423861852,0.036108108108108106,0.33429508196721314
q00448,0.18995290423861852,0.036108108108108106,0.4872542372881356
q00449,0.18995290423861852,0.11795290423861851,0.4872542372881356
q00450,0.6307692307692307,0.4152542372881356,0.6851851851851852
q00451,0.38461538461538464,0.18995290423861852,0.6307692307692307
q00452,0.38028169014084506,0.26229508196721313,0.4152542372881356
q00453,0.18995290423861852,0.11795290423861851,0.372
q00454,0.3,0.18995290423861852,0.4152542372881356
q00455,0.2857142857142857,0.18995290423861852,0.4152542372881356
q00456,0.10810810810810811,0.0,0.2139753086419753
q00457,0.12169312169312169,0.046307692307692314,0.23595290423861853
q00458,0.04792332268370607,0.04792332268370607,0.10101010101010101
q00459,0.26229508196721313,0.18995290423861852,0.38461538461538464
q00460,0.4152542372881356,0.38461538461538464,0.6307692307692307
q00461,0.4152542372881356,0.26229508196721313,0.4152542372881356
q00462,0.6307692307692307,0.4152542372881356,0.6851851851851852
q00463,0.38028169014084506,0.18995290423861852,0.6307692307692307
q00464,0.26229508196721313,0.18995290423861852,0.4152542372881356
q00465,0.04792332268370607,0.04792332268370607,0.10101010101010101
q00466,0.04792332268370607,0.04792332268370607,0.10101010101010101
q00467,0.04792332268370607,0.02857142857142857,0.10101010101010101
q00468,0.16666666666666666,0.046307692307692314,0.23595290423861853
q00469,0.18995290423861852,0.036108108108108106,0.2619529042386185
q00470,0.12169312169312169,0.001923322683706069,0.23595290423861853
q00471,0.1419753086419753,0.062108108108108115,0.23595290423861853
q00472,0.12169312169312169,0.046307692307692314,0.23595290423861853
q00473,0.18995290423861852,0.036108108108108106,0.4872542372881356
q00474,0.12169312169312169,0.001923322683706069,0.23595290423861853
q00475,0.10810810810810811,0.020307692307692304,0.2139753086419753
q00476,0.1111111111111111,0.020307692307692304,0.2139753086419753
q00477,0.12169312169312169,0.062108108108108115,0.23595290423861853
q00478,0.18995290423861852,0.04969312169312168,0.2619529042386185
q00479,0.18995290423861852,0.06997530864197529,0.2619529042386185
q00480,0.18995290423861852,0.036108108108108106,0.33429508196721314
q00481,0.18995290423861852,0.036108108108108106,0.33429508196721314
q00482,0.29557615274707105,0.18995290423861852,0.4152542372881356
q00483,0.18995290423861852,0.11795290423861851,0.372
q00484,0.2857142857142857,0.18995290423861852,0.38461538461538464
q00485,0.18995290423861852,0.11795290423861851,0.3577142857142857
q00486,0.4152542372881356,0.3,0.6307692307692307
q00487,0.4152542372881356,0.18995290423861852,0.4152542372881356
q00488,0.26229508196721313,0.18995290423861852,0.38028169014084506
q00489,0.26229508196721313,0.18995290423861852,0.3
q00490,0.2857142857142857,0.18995290423861852,0.38028169014084506
q00491,0.2857142857142857,0.18995290423861852,0.38461538461538464
q00492,0.22727272727272727,0.11795290423861851,0.45228169014084507
q00493,0.22727272727272727,0.11795290423861851,0.45228169014084507
q00494,0.18995290423861852,0.04969312169312168,0.2619529042386185
q00495,0.26229508196721313,0.18995290423861852,0.38461538461538464
q00496,0.4152542372881356,0.38028169014084506,0.6851851851851852
q00497,0.6307692307692307,0.4152542372881356,0.6851851851851852
q00498,0.02857142857142857,0.0,0.04792332268370607
q00499,0.04792332268370607,0.0,0.10101010101010101
q00500,0.04792332268370607,0.0,0.04792332268370607
q00501,0.38461538461538464,0.3,0.4152542372881356
q00502,0.1419753086419753,0.062108108108108115,0.23595290423861853
q00503,0.16666666666666666,0.062108108108108115,0.23595290423861853
q00504,0.1419753086419753,0.05501010101010101,0.23595290423861853
q00505,0.18995290423861852,0.036108108108108106,0.2619529042386185
q00506,0.18995290423861852,0.036108108108108106,0.2619529042386185
q00507,0.18995290423861852,0.11795290423861851,0.45661538461538465
q00508,0.18995290423861852,0.06997530864197529,0.4872542372881356
q00509,0.4152542372881356,0.2857142857142857,0.6307692307692307
q00510,0.1419753086419753,0.05501010101010101,0.23595290423861853
q00511,0.18995290423861852,0.04969312169312168,0.2676153922962077
q00512,0.18995290423861852,0.036108108108108106,0.2619529042386185
q00513,0.04792332268370607,0.0,0.10101010101010101
q00514,0.04792332268370607,0.0,0.04792332268370607
q00515,0.04792332268370607,0.0,0.09230769230769231
q00516,0.38028169014084506,0.18995290423861852,0.4152542372881356
q00517,0.38461538461538464,0.26229508196721313,0.4152542372881356
q00518,0.38461538461538464,0.3,0.4152542372881356
q00519,0.18995290423861852,0.11795290423861851,0.2619529042386185
q00520,0.12169312169312169,0.0651111111111111,0.1879753086419753
q00521,0.18995290423861852,0.04969312169312168,0.2619529042386185
q00522,0.38028169014084506,0.18995290423861852,0.5
q00523,0.38028169014084506,0.18995290423861852,0.4152542372881356
q00524,0.18995290423861852,0.11795290423861851,0.33429508196721314
q00525,0.18995290423861852,0.06997530864197529,0.29927272727272725
q00526,0.18995290423861852,0.06997530864197529,0.29927272727272725
q00527,0.18995290423861852,0.06997530864197529,0.33429508196721314
q00528,0.26229508196721313,0.18995290423861852,0.38028169014084506
q00529,0.18995290423861852,0.11795290423861851,0.2619529042386185
q00530,0.12169312169312169,0.062108108108108115,0.23595290423861853
q00531,0.09230769230769231,0.04792332268370607,0.12169312169312169
q00532,0.10810810810810811,0.0,0.2139753086419753
q00533,0.09230769230769231,0.04792332268370607,0.10810810810810811
q00534,0.18995290423861852,0.11795290423861851,0.33429508196721314
q00535,0.18995290423861852,0.11795290423861851,0.29927272727272725
q00536,0.18995290423861852,0.06997530864197529,0.372
q00537,0.18995290423861852,0.11795290423861851,0.3577142857142857
q00538,0.26229508196721313,0.18995290423861852,0.3
q00539,0.26229508196721313,0.18995290423861852,0.38028169014084506
q00540,0.4152542372881356,0.2857142857142857,0.6851851851851852
q00541,0.4152542372881356,0.2857142857142857,0.6851851851851852
q00542,0.6851851851851852,0.6307692307692307,1.0
q00543,0.10810810810810811,0.036108108108108106,0.2139753086419753
q00544,0.12169312169312169,0.062108108108108115,0.23595290423861853
q00545,0.12169312169312169,0.062108108108108115,0.23595290423861853
q00546,0.18995290423861852,0.06997530864197529,0.2619529042386185
q00547,0.12169312169312169,0.05501010101010101,0.23595290423861853
q00548,0.18995290423861852,0.06997530864197529,0.2619529042386185
q00549,0.1419753086419753,0.046307692307692314,0.23595290423861853
q00550,0.10810810810810811,0.0,0.1936931216931217
q00551,0.10810810810810811,0.0,0.2619529042386185
q00552,0.04792332268370607,0.037923322683706066,0.05792332268370607
q00553,0.04792332268370607,0.037923322683706066,0.05792332268370607
q00554,0.04792332268370607,0.02857142857142857,0.09230769230769231
q00555,0.10810810810810811,0.020307692307692304,0.1936931216931217
q00556,0.04792332268370607,0.02857142857142857,0.10810810810810811
q00557,0.04792332268370607,0.037923322683706066,0.05792332268370607
q00558,0.2857142857142857,0.18995290423861852,0.38461538461538464
q00559,0.18995290423861852,0.11795290423861851,0.2619529042386185
q00560,0.18995290423861852,0.06997530864197529,0.2619529042386185
q00561,0.6307692307692307,0.4152542372881356,0.6851851851851852
q00562,0.4152542372881356,0.3,0.6307692307692307
q00563,0.6307692307692307,0.4152542372881356,0.6851851851851852
q00564,0.04792332268370607,0.04792332268370607,0.10101010101010101
q00565,0.04792332268370607,0.02857142857142857,0.10810810810810811
q00566,0.04792332268370607,0.02857142857142857,0.10810810810810811
q00567,0.18995290423861852,0.06997530864197529,0.2619529042386185
q00568,0.1419753086419753,0.062108108108108115,0.23595290423861853
q00569,0.18995290423861852,0.039111111111111097,0.2619529042386185
q00570,0.6,0.4152542372881356,0.6307692307692307
q00571,0.4152542372881356,0.38110896696223867,0.6307692307692307
q00572,0.4152542372881356,0.3142507511093848,0.6851851851851852
q00573,0.18995290423861852,0.11795290423861851,0.33429508196721314
q00574,0.26229508196721313,0.18995290423861852,0.38028169014084506
q00575,0.18995290423861852,0.11795290423861851,0.33429508196721314
q00576,0.18995290423861852,0.036108108108108106,0.29927272727272725
q00577,0.18995290423861852,0.036108108108108106,0.29927272727272725
q00578,0.18995290423861852,0.06997530864197529,0.33429508196721314
q00579,0.04792332268370607,0.037923322683706066,0.05792332268370607
q00580,0.04792332268370607,0.037923322683706066,0.05792332268370607
q00581,0.04792332268370607,0.037923322683706066,0.05792332268370607
q00582,0.1419753086419753,0.07569312169312169,0.23595290423861853
q00583,0.12169312169312169,0.062108108108108115,0.23595290423861853
q00584,0.1419753086419753,0.062108108108108115,0.23595290423861853
q00585,0.7778058024498252,0.6851851851851852,1.0
q00586,0.6307692307692307,0.4152542372881356,0.6851851851851852
q00587,0.6851851851851852,0.4152542372881356,0.8571428571428571
q00588,0.10810810810810811,0.0,0.2619529042386185
q00589,0.1419753086419753,0.001923322683706069,0.23595290423861853
q00590,0.10810810810810811,0.0,0.2139753086419753
q00591,0.12169312169312169,0.05501010101010101,0.23595290423861853
q00592,0.10810810810810811,0.0,0.2619529042386185
q00593,0.12169312169312169,0.046307692307692314,0.23595290423861853
q00594,0.18995290423861852,0.029010101010101,0.2619529042386185
q00595,0.10101010101010101,0.0,0.19010810810810813
q00596,0.18995290423861852,0.11795290423861851,0.45228169014084507
q00597,0.09230769230769231,0.02857142857142857,0.12169312169312169
q00598,0.10101010101010101,0.0,0.2036931216931217
q00599,0.04792332268370607,0.04792332268370607,0.10101010101010101
q00600,0.26229508196721313,0.18995290423861852,0.38461538461538464
q00601,0.26229508196721313,0.18995290423861852,0.38461538461538464
q00602,0.2857142857142857,0.18995290423861852,0.38028169014084506
q00603,0.6,0.4152542372881356,0.6851851851851852
q00604,0.4152542372881356,0.38028169014084506,0.6307692307692307
q00605,0.6,0.4152542372881356,0.6851851851851852
q00606,0.6851851851851852,0.6851851851851852,1.0
q00607,0.8571428571428571,0.6851851851851852,1.0
q00608,0.6851851851851852,0.6851851851851852,0.8571428571428571
q00609,0.18995290423861852,0.11795290423861851,0.372
q00610,0.18995290423861852,0.04969312169312168,0.2619529042386185
q00611,0.18995290423861852,0.06997530864197529,0.29927272727272725
q00612,0.04792332268370607,0.0,0.09230769230769231
q00613,0.04792332268370607,0.0,0.04792332268370607
q00614,0.04792332268370607,0.0,0.09230769230769231
q00615,1.0,0.8571428571428571,1.0
q00616,0.9894953275147348,0.8561597003919597,1.0
q00617,1.0,0.99,1.0
q00618,0.10810810810810811,0.0,0.1936931216931217
q00619,0.10101010101010101,0.0,0.19010810810810813
q00620,0.10810810810810811,0.020307692307692304,0.1936931216931217
q00621,0.3,0.22727272727272727,0.38461538461538464
q00622,0.2857142857142857,0.18995290423861852,0.38028169014084506
q00623,0.18995290423861852,0.11795290423861851,0.33429508196721314
q00624,0.4152542372881356,0.38028169014084506,0.6851851851851852
q00625,0.4152542372881356,0.38461538461538464,0.6851851851851852
q00626,0.4152542372881356,0.38028169014084506,0.6307692307692307
q00627,0.1419753086419753,0.062108108108108115,0.23595290423861853
q00628,0.1419753086419753,0.062108108108108115,0.23595290423861853
q00629,0.12169312169312169,0.062108108108108115,0.16769312169312167
q00630,0.18995290423861852,0.06997530864197529,0.3577142857142857
q00631,0.18995290423861852,0.06997530864197529,0.33429508196721314
q00632,0.18995290423861852,0.036108108108108106,0.2619529042386185
q00633,0.8571428571428571,0.6851851851851852,1.0
q00634,1.0,0.8571428571428571,1.0
q00635,1.0,0.8571428571428571,1.0
q00636,0.26229508196721313,0.18995290423861852,0.3
q00637,0.26229508196721313,0.18995290423861852,0.38028169014084506
q00638,0.18995290423861852,0.06997530864197529,0.2619529042386185
q00639,0.6307692307692307,0.4152542372881356,0.6851851851851852
q00640,0.38461538461538464,0.18995290423861852,0.6307692307692307
q00641,0.26229508196721313,0.18995290423861852,0.38028169014084506
q00642,0.18995290423861852,0.039111111111111097,0.3577142857142857
q00643,0.18995290423861852,0.06997530864197529,0.33429508196721314
q00644,0.18995290423861852,0.04969312169312168,0.3577142857142857
q00645,0.10810810810810811,0.0,0.2619529042386185
q00646,0.10810810810810811,0.0,0.1936931216931217
q00647,0.10810810810810811,0.0,0.2139753086419753
q00648,0.38028169014084506,0.26229508196721313,0.4152542372881356
q00649,0.18995290423861852,0.039111111111111097,0.2619529042386185
q00650,0.38028169014084506,0.26229508196721313,0.4152542372881356
q00651,0.6851851851851852,0.6307692307692307,0.8571428571428571
q00652,0.6307692307692307,0.4152542372881356,0.6851851851851852
q00653,0.6307692307692307,0.4152542372881356,0.6851851851851852
q00654,0.18995290423861852,0.06997530864197529,0.45661538461538465
q00655,0.18995290423861852,0.06997530864197529,0.45661538461538465
q00656,0.22727272727272727,0.11795290423861851,0.45661538461538465
q00657,0.10810810810810811,0.0,0.2619529042386185
q00658,0.12169312169312169,0.046307692307692314,0.23595290423861853
q00659,0.1419753086419753,0.062108108108108115,0.23595290423861853
q00660,0.10810810810810811,0.0,0.1936931216931217
q00661,0.10810810810810811,0.0,0.2139753086419753
q00662,0.12169312169312169,0.062108108108108115,0.23595290423861853
q00663,0.4152542372881356,0.26229508196721313,0.6851851851851852
q00664,0.6307692307692307,0.38028169014084506,0.6851851851851852
q00665,0.4152542372881356,0.2857142857142857,0.6851851851851852
q00666,0.4152542372881356,0.2857142857142857,0.6307692307692307
q00667,0.6307692307692307,0.38028169014084506,0.6851851851851852
q00668,0.4152542372881356,0.3,0.6307692307692307
q00669,0.26229508196721313,0.18995290423861852,0.3333333333333333
q00670,0.26229508196721313,0.18995290423861852,0.38028169014084506
q00671,0.18995290423861852,0.11795290423861851,0.3577142857142857
q00672,0.1419753086419753,0.001923322683706069,0.23595290423861853
q00673,0.18995290423861852,0.029010101010101,0.2619529042386185
q00674,0.1419753086419753,0.001923322683706069,0.23595290423861853
q00675,0.12169312169312169,0.05501010101010101,0.23595290423861853
q00676,0.12169312169312169,0.046307692307692314,0.23595290423861853
q00677,0.10810810810810811,0.0,0.1936931216931217
q00678,0.6851851851851852,0.6851851851851852,0.8571428571428571
q00679,0.6307692307692307,0.6307692307692307,0.6851851851851852
q00680,0.6851851851851852,0.6307692307692307,0.718806133550664
q00681,0.1419753086419753,0.062108108108108115,0.23595290423861853
q00682,0.18995290423861852,0.11795290423861851,0.33429508196721314
q00683,0.18995290423861852,0.04969312169312168,0.2619529042386185
q00684,0.38461538461538464,0.38028169014084506,0.4152542372881356
q00685,0.6307692307692307,0.38461538461538464,0.6851851851851852
q00686,0.38461538461538464,0.38028169014084506,0.4152542372881356
q00687,0.18995290423861852,0.11795290423861851,0.33429508196721314
q00688,0.18995290423861852,0.06997530864197529,0.2619529042386185
q00689,0.18995290423861852,0.06997530864197529,0.2619529042386185
q00690,0.04792332268370607,0.0,0.09230769230769231
q00691,0.04792332268370607,0.0,0.04792332268370607
q00692,0.04792332268370607,0.0,0.04792332268370607
q00693,0.18995290423861852,0.036108108108108106,0.2619529042386185
q00694,0.18995290423861852,0.036108108108108106,0.33429508196721314
q00695,0.1419753086419753,0.046307692307692314,0.23595290423861853
q00696,0.10810810810810811,0.0,0.2619529042386185
q00697,0.1419753086419753,0.062108108108108115,0.23595290423861853
q00698,0.18995290423861852,0.04969312169312168,0.2619529042386185
q00699,0.4152542372881356,0.4152542372881356,0.6307692307692307
q00700,0.4152542372881356,0.38028169014084506,0.6307692307692307
q00701,0.6,0.4152542372881356,0.669161271843095
q00702,0.18995290423861852,0.11795290423861851,0.45228169014084507
q00703,0.18995290423861852,0.11795290423861851,0.45228169014084507
q00704,0.18995290423861852,0.06997530864197529,0.33429508196721314
q00705,0.18995290423861852,0.06997530864197529,0.2619529042386185
q00706,0.18995290423861852,0.06997530864197529,0.2619529042386185
q00707,0.18995290423861852,0.04969312169312168,0.2619529042386185
q00708,0.26229508196721313,0.18995290423861852,0.38028169014084506
q00709,0.26229508196721313,0.18995290423861852,0.3
q00710,0.26229508196721313,0.18995290423861852,0.3
q00711,0.12169312169312169,0.062108108108108115,0.23595290423861853
q00712,0.1419753086419753,0.046307692307692314,0.23595290423861853
q00713,0.12169312169312169,0.046307692307692314,0.23595290423861853
q00714,0.10101010101010101,0.0,0.2036931216931217
q00715,0.09230769230769231,0.04792332268370607,0.10810810810810811
q00716,0.10810810810810811,0.0,0.2619529042386185
q00717,0.18995290423861852,0.020307692307692304,0.33429508196721314
q00718,0.18995290423861852,0.020307692307692304,0.2619529042386185
q00719,0.18995290423861852,0.020307692307692304,0.29927272727272725
q00720,0.8571428571428571,0.6851851851851852,1.0
q00721,0.6307692307692307,0.4152542372881356,0.6851851851851852
q00722,0.6851851851851852,0.6307692307692307,0.8571428571428571
q00723,0.10810810810810811,0.0,0.2139753086419753
q00724,0.04792332268370607,0.04792332268370607,0.10101010101010101
q00725,0.10810810810810811,0.0,0.2139753086419753
q00726,0.26229508196721313,0.18995290423861852,0.4152542372881356
q00727,0.26229508196721313,0.18995290423861852,0.38461538461538464
q00728,0.2857142857142857,0.18995290423861852,0.4152542372881356
q00729,0.26229508196721313,0.18995290423861852,0.4152542372881356
q00730,0.2857142857142857,0.18995290423861852,0.4152542372881356
q00731,0.2857142857142857,0.18995290423861852,0.4152542372881356
q00732,0.6851851851851852,0.6307692307692307,0.8571428571428571
q00733,0.6851851851851852,0.6,0.6851851851851852
q00734,0.6851851851851852,0.6307692307692307,0.8571428571428571
q00735,0.10810810810810811,0.0,0.2619529042386185
q00736,0.18995290423861852,0.029010101010101,0.3577142857142857
q00737,0.18995290423861852,0.036108108108108106,0.2619529042386185
q00738,0.22727272727272727,0.11795290423861851,0.372
q00739,0.18995290423861852,0.06997530864197529,0.2619529042386185
q00740,0.18995290423861852,0.11795290423861851,0.33429508196721314
q00741,0.18995290423861852,0.06997530864197529,0.45661538461538465
q00742,0.2857142857142857,0.18995290423861852,0.38461538461538464
q00743,0.2857142857142857,0.18995290423861852,0.38461538461538464
q00744,0.12169312169312169,0.046307692307692314,0.21266666666666667
q00745,0.10810810810810811,0.020307692307692304,0.2619529042386185
q00746,0.10810810810810811,0.0,0.2619529042386185
q00747,0.10101010101010101,0.0,0.19311111111111112
q00748,0.04792332268370607,0.02857142857142857,0.10810810810810811
q00749,0.10810810810810811,0.020307692307692304,0.1936931216931217
q00750,0.4152542372881356,0.18995290423861852,0.6307692307692307
q00751,0.5110381834265926,0.38461538461538464,0.6851851851851852
q00752,0.38461538461538464,0.18995290423861852,0.6307692307692307
q00753,0.09230769230769231,0.02857142857142857,0.10810810810810811
q00754,0.04792332268370607,0.04792332268370607,0.10810810810810811
q00755,0.04792332268370607,0.02857142857142857,0.10810810810810811
q00756,0.18995290423861852,0.04969312169312168,0.33429508196721314
q00757,0.18995290423861852,0.04969312169312168,0.29927272727272725
q00758,0.18995290423861852,0.06997530864197529,0.3577142857142857
q00759,0.6307692307692307,0.4152542372881356,0.6851851851851852
q00760,0.6307692307692307,0.4152542372881356,0.6851851851851852
q00761,0.6851851851851852,0.6307692307692307,0.8571428571428571
q00762,0.12169312169312169,0.062108108108108115,0.23595290423861853
q00763,0.09230769230769231,0.04792332268370607,0.10810810810810811
q00764,0.12169312169312169,0.05501010101010101,0.23595290423861853
q00765,0.10810810810810811,0.020307692307692304,0.2619529042386185
q00766,0.10810810810810811,0.0,0.2619529042386185
q00767,0.10810810810810811,0.0,0.2619529042386185
q00768,0.2857142857142857,0.18995290423861852,0.38461538461538464
q00769,0.26229508196721313,0.18995290423861852,0.4152542372881356
q00770,0.3,0.18995290423861852,0.4152542372881356
q00771,0.2857142857142857,0.18995290423861852,0.38028169014084506
q00772,0.18995290423861852,0.11795290423861851,0.3577142857142857
q00773,0.18995290423861852,0.11795290423861851,0.3577142857142857
q00774,0.1419753086419753,0.062108108108108115,0.23595290423861853
q00775,0.18995290423861852,0.04969312169312168,0.2619529042386185
q00776,0.18995290423861852,0.04969312169312168,0.2619529042386185
q00777,0.18995290423861852,0.04969312169312168,0.45228169014084507
q00778,0.18995290423861852,0.11795290423861851,0.45228169014084507
q00779,0.18995290423861852,0.06997530864197529,0.45228169014084507
q00780,0.18995290423861852,0.11795290423861851,0.33429508196721314
q00781,0.18995290423861852,0.11795290423861851,0.33429508196721314
q00782,0.22727272727272727,0.11795290423861851,0.3577142857142857
q00783,0.18995290423861852,0.11795290423861851,0.3577142857142857
q00784,0.18995290423861852,0.11795290423861851,0.33429508196721314
q00785,0.18995290423861852,0.11795290423861851,0.3577142857142857
q00786,0.2857142857142857,0.18995290423861852,0.4152542372881356
q00787,0.38028169014084506,0.18995290423861852,0.4152542372881356
q00788,0.4152542372881356,0.26229508196721313,0.6
q00789,0.1419753086419753,0.062108108108108115,0.23595290423861853
q00790,0.1419753086419753,0.062108108108108115,0.23595290423861853
q00791,0.12169312169312169,0.046307692307692314,0.23595290423861853
q00792,0.38028169014084506,0.26229508196721313,0.4152542372881356
q00793,0.18995290423861852,0.11795290423861851,0.45228169014084507
q00794,0.4152542372881356,0.38028169014084506,0.6307692307692307
q00795,0.18995290423861852,0.11795290423861851,0.2619529042386185
q00796,0.18995290423861852,0.11795290423861851,0.2619529042386185
q00797,0.18995290423861852,0.06997530864197529,0.2619529042386185
q00798,0.4152542372881356,0.22727272727272727,0.6
q00799,0.6307692307692307,0.38461538461538464,0.6851851851851852
q00800,0.4152542372881356,0.26229508196721313,0.6851851851851852
q00801,0.09230769230769231,0.04792332268370607,0.10810810810810811
q00802,0.09230769230769231,0.02857142857142857,0.12169312169312169
q00803,0.09230769230769231,0.04792332268370607,0.12169312169312169
q00804,0.12169312169312169,0.046307692307692314,0.23595290423861853
q00805,0.1419753086419753,0.062108108108108115,0.23595290423861853
q00806,0.18995290423861852,0.06997530864197529,0.3577142857142857
q00807,0.04792332268370607,0.04792332268370607,0.10810810810810811
q00808,0.10810810810810811,0.0,0.2139753086419753
q00809,0.09230769230769231,0.04792332268370607,0.10810810810810811
q00810,0.18995290423861852,0.11795290423861851,0.2619529042386185
q00811,0.18995290423861852,0.11795290423861851,0.2619529042386185
q00812,0.18995290423861852,0.04969312169312168,0.2619529042386185
q00813,0.18995290423861852,0.036108108108108106,0.2619529042386185
q00814,0.16666666666666666,0.062108108108108115,0.23595290423861853
q00815,0.1419753086419753,0.062108108108108115,0.23595290423861853
q00816,0.09230769230769231,0.04792332268370607,0.10810810810810811
q00817,0.09230769230769231,0.04792332268370607,0.10810810810810811
q00818,0.09230769230769231,0.04792332268370607,0.10810810810810811
q00819,0.6851851851851852,0.6851851851851852,0.8571428571428571
q00820,0.6851851851851852,0.6307692307692307,0.8571428571428571
q00821,0.6851851851851852,0.6851851851851852,1.0
q00822,0.10101010101010101,0.0,0.2036931216931217
q00823,0.10101010101010101,0.0,0.19311111111111112
q00824,0.10810810810810811,0.0,0.1936931216931217
q00825,0.1419753086419753,0.05501010101010101,0.23595290423861853
q00826,0.1419753086419753,0.062108108108108115,0.23595290423861853
q00827,0.12169312169312169,0.05501010101010101,0.23595290423861853
q00828,0.6851851851851852,0.6,0.6851851851851852
q00829,0.6307692307692307,0.4152542372881356,0.6851851851851852
q00830,0.6307692307692307,0.4152542372881356,0.6851851851851852
q00831,0.18995290423861852,0.06997530864197529,0.33429508196721314
q00832,0.16666666666666666,0.05501010101010101,0.23595290423861853
q00833,0.18995290423861852,0.06997530864197529,0.2619529042386185
q00834,0.10810810810810811,0.0,0.2619529042386185
q00835,0.10101010101010101,0.0,0.2239753086419753
q00836,0.10101010101010101,0.0,0.2036931216931217
q00837,0.18995290423861852,0.11795290423861851,0.45228169014084507
q00838,0.18995290423861852,0.06997530864197529,0.2619529042386185
q00839,0.18995290423861852,0.11795290423861851,0.2619529042386185
q00840,0.6851851851851852,0.4152542372881356,0.8571428571428571
q00841,0.8571428571428571,0.6851851851851852,1.0
q00842,0.6851851851851852,0.6307692307692307,1.0
q00843,0.6307692307692307,0.4152542372881356,0.6851851851851852
q00844,0.6307692307692307,0.4152542372881356,0.6851851851851852
q00845,0.6,0.4152542372881356,0.6851851851851852
q00846,0.18995290423861852,0.04969312169312168,0.2619529042386185
q00847,0.18995290423861852,0.06997530864197529,0.2619529042386185
q00848,0.18995290423861852,0.04969312169312168,0.2619529042386185
q00849,0.18995290423861852,0.06997530864197529,0.2619529042386185
q00850,0.18995290423861852,0.09466666666666665,0.2619529042386185
q00851,0.26229508196721313,0.18995290423861852,0.38028169014084506
q00852,0.4152542372881356,0.26229508196721313,0.6307692307692307
q00853,0.38461538461538464,0.18995290423861852,0.6307692307692307
q00854,0.18995290423861852,0.11795290423861851,0.3577142857142857
q00855,0.9291320165695034,0.6851851851851852,1.0
q00856,0.6851851851851852,0.6307692307692307,0.8979897762617742
q00857,1.0,0.6851851851851852,1.0
q00858,0.1419753086419753,0.062108108108108115,0.23595290423861853
q00859,0.18995290423861852,0.036108108108108106,0.2619529042386185
q00860,0.18995290423861852,0.11795290423861851,0.3577142857142857
q00861,0.1419753086419753,0.046307692307692314,0.2732727272727273
q00862,0.1419753086419753,0.046307692307692314,0.23595290423861853
q00863,0.18995290423861852,0.036108108108108106,0.2619529042386185
q00864,0.4152542372881356,0.26229508196721313,0.6307692307692307
q00865,0.4152542372881356,0.2857142857142857,0.6307692307692307
q00866,0.3,0.18995290423861852,0.4152542372881356
q00867,0.18995290423861852,0.036108108108108106,0.33429508196721314
q00868,0.18995290423861852,0.020307692307692304,0.3577142857142857
q00869,0.18995290423861852,0.04969312169312168,0.3577142857142857
q00870,0.18995290423861852,0.11795290423861851,0.3577142857142857
q00871,0.2857142857142857,0.26229508196721313,0.38461538461538464
q00872,0.18995290423861852,0.06997530864197529,0.33429508196721314
q00873,0.6307692307692307,0.4152542372881356,0.6851851851851852
q00874,0.4152542372881356,0.4152542372881356,0.6307692307692307
q00875,0.4152542372881356,0.38028169014084506,0.4152542372881356
q00876,0.12169312169312169,0.046307692307692314,0.23595290423861853
q00877,0.10810810810810811,0.0,0.2619529042386185
q00878,0.10810810810810811,0.0,0.23866666666666667
q00879,0.09230769230769231,0.04792332268370607,0.10810810810810811
q00880,0.10810810810810811,0.0,0.2139753086419753
q00881,0.10101010101010101,0.0,0.2036931216931217
q00882,0.18995290423861852,0.11795290423861851,0.3577142857142857
q00883,0.18995290423861852,0.11795290423861851,0.33429508196721314
q00884,0.18995290423861852,0.11795290423861851,0.3577142857142857
q00885,0.4152542372881356,0.38028169014084506,0.6307692307692307
q00886,0.6851851851851852,0.6307692307692307,0.6851851851851852
q00887,0.4152542372881356,0.3,0.6307692307692307
q00888,0.38461538461538464,0.26229508196721313,0.6307692307692307
q00889,0.38461538461538464,0.26229508196721313,0.6307692307692307
q00890,0.4152542372881356,0.26229508196721313,0.6739219820717426
q00891,0.38028169014084506,0.18995290423861852,0.6307692307692307
q00892,0.18995290423861852,0.04969312169312168,0.33429508196721314
q00893,0.18995290423861852,0.11795290423861851,0.3577142857142857
q00894,0.26229508196721313,0.18995290423861852,0.4152542372881356
q00895,0.18995290423861852,0.04969312169312168,0.2619529042386185
q00896,0.3,0.18995290423861852,0.4152542372881356
q00897,0.26229508196721313,0.18995290423861852,0.3814607266112464
q00898,0.18995290423861852,0.11795290423861851,0.33429508196721314
q00899,0.26229508196721313,0.18995290423861852,0.38461538461538464
